{
  "final_return_ma": 229.26829528808594,
  "strength": 181.26829528808594,
  "max_strength": 752.0,
  "final_strength": 152.0,
  "sample_efficiency": 1.3888458170185913e-06,
  "training_efficiency": 1.7707150618662126e-05,
  "stability": 0.5054945051670074
}