{
  "final_return_ma": 37.5,
  "strength": -10.5,
  "max_strength": 2.0,
  "final_strength": 2.0,
  "sample_efficiency": 0.00010476190072949976,
  "training_efficiency": 0.0014585074968636036,
  "stability": 1.0
}