{
  "final_return_ma": 48.75,
  "strength": 0.75,
  "max_strength": 77.0,
  "final_strength": 27.0,
  "sample_efficiency": -1.7286865841015242e-05,
  "training_efficiency": -0.00021512019156944007,
  "stability": -33.89583206176758
}