{
  "final_return_ma": 37.0,
  "strength": -11.0,
  "max_strength": 77.0,
  "final_strength": -48.0,
  "sample_efficiency": 1.977688270926592e-06,
  "training_efficiency": 2.92859403998591e-05,
  "stability": -0.35456275939941406
}