{
  "final_return_ma": 53.65853500366211,
  "strength": 5.658536434173584,
  "max_strength": 352.0,
  "final_strength": -48.0,
  "sample_efficiency": -7.316221513065102e-07,
  "training_efficiency": -1.1742467904696241e-05,
  "stability": -6.142857074737549
}