{
  "final_return_ma": 100.81300862630208,
  "strength": 52.813009103139244,
  "max_strength": 418.6666666666667,
  "final_strength": 18.666666666666668,
  "sample_efficiency": 2.075066447559948e-06,
  "training_efficiency": 2.595901302508234e-05,
  "stability": -1.7838827669620514,
  "consistency": -4.23595595817709
}