{
  "final_return_ma": 53.65853500366211,
  "strength": 5.658536434173584,
  "max_strength": 552.0,
  "final_strength": -48.0,
  "sample_efficiency": -1.9286657334305346e-05,
  "training_efficiency": -0.003335333662107587,
  "stability": -6.142857074737549
}