{
  "final_return_ma": 58.75,
  "strength": 10.75,
  "max_strength": 377.0,
  "final_strength": -48.0,
  "sample_efficiency": 3.0216860977816395e-06,
  "training_efficiency": 0.0005507246241904795,
  "stability": -1.7827248573303223
}