{
  "final_return_ma": 49.875,
  "strength": 1.875,
  "max_strength": 277.0,
  "final_strength": 2.0,
  "sample_efficiency": -3.966602525906637e-05,
  "training_efficiency": -0.007170903496444225,
  "stability": -10.792452812194824
}