{
  "final_return_ma": 57.0,
  "strength": 9.0,
  "max_strength": 377.0,
  "final_strength": 27.0,
  "sample_efficiency": 5.79431070946157e-06,
  "training_efficiency": 0.0010743095772340894,
  "stability": -2.121420383453369
}