{
  "final_return_ma": 43.90243911743164,
  "strength": -4.097560882568359,
  "max_strength": 352.0,
  "final_strength": -48.0,
  "sample_efficiency": -4.3290619942126796e-06,
  "training_efficiency": -0.0001391333935316652,
  "stability": -12.333333015441895
}