{
  "final_return_ma": 45.12195110321045,
  "strength": -2.8780487775802612,
  "max_strength": 352.0,
  "final_strength": 52.0,
  "sample_efficiency": 2.182409252782236e-05,
  "training_efficiency": 0.0006998931567068212,
  "stability": -9.677083253860474,
  "consistency": 53.276371325476696
}