{
  "final_return_ma": 48.780487060546875,
  "strength": 0.7804877758026123,
  "max_strength": 352.0,
  "final_strength": -48.0,
  "sample_efficiency": -0.00013008268433623016,
  "training_efficiency": -0.004168578423559666,
  "stability": -19.0
}