{
  "final_return_ma": 48.780487060546875,
  "strength": 0.7804877758026123,
  "max_strength": 352.0,
  "final_strength": 352.0,
  "sample_efficiency": 0.00023160080309025943,
  "training_efficiency": 0.0074244653806090355,
  "stability": -3.375
}