{
  "final_return_ma": 39.024391174316406,
  "strength": -8.97560977935791,
  "max_strength": 352.0,
  "final_strength": -48.0,
  "sample_efficiency": -9.89268664852716e-06,
  "training_efficiency": -0.0003171809366904199,
  "stability": -4.0
}