{
  "final_return_ma": 56.585365295410156,
  "strength": 8.585366249084473,
  "max_strength": 152.0,
  "final_strength": -8.0,
  "sample_efficiency": 9.349443530481949e-07,
  "training_efficiency": 0.00017410876171197742,
  "stability": -1.8888888359069824
}