{
  "final_return_ma": 48.780487060546875,
  "strength": 0.7804879347483317,
  "max_strength": 112.0,
  "final_strength": -8.0,
  "sample_efficiency": 1.5189535569485694e-05,
  "training_efficiency": 0.0031465994397876784,
  "stability": -3.481481393178304,
  "consistency": -105.24555450571883
}