{
  "final_return_ma": 44.25,
  "strength": -3.75,
  "max_strength": 77.0,
  "final_strength": -23.0,
  "sample_efficiency": 1.9853419871651568e-05,
  "training_efficiency": 0.004225689452141523,
  "stability": -3.829545497894287
}