{
  "final_return_ma": 44.25,
  "strength": -3.75,
  "max_strength": 77.0,
  "final_strength": 2.0,
  "sample_efficiency": 1.4135393939795904e-05,
  "training_efficiency": 0.0031337474938482046,
  "stability": -4.106100559234619
}