{
  "final_return_ma": 39.024391174316406,
  "strength": -8.97560977935791,
  "max_strength": 152.0,
  "final_strength": -48.0,
  "sample_efficiency": 1.1536658348632045e-05,
  "training_efficiency": 0.002392316237092018,
  "stability": -3.375
}