{
  "final_return_ma": 19.512195587158203,
  "strength": -28.487804412841797,
  "max_strength": 152.0,
  "final_strength": -48.0,
  "sample_efficiency": 5.567975676967762e-06,
  "training_efficiency": 7.191235636128113e-05,
  "stability": 0.2857142686843872
}