{
  "final_return_ma": 240.25,
  "strength": 192.25,
  "max_strength": 402.0,
  "final_strength": 127.0,
  "sample_efficiency": 2.3384056930808583e-06,
  "training_efficiency": 3.0275356039055623e-05,
  "stability": 0.833752229809761
}