{
  "final_return_ma": 63.75,
  "strength": 15.75,
  "max_strength": 127.0,
  "final_strength": 52.0,
  "sample_efficiency": 3.346935955050867e-06,
  "training_efficiency": 0.0006942376494407654,
  "stability": -0.4609323740005493
}