{
  "final_return_ma": 49.75609588623047,
  "strength": 1.7560975551605225,
  "max_strength": 112.0,
  "final_strength": -48.0,
  "sample_efficiency": 4.239097688696347e-05,
  "training_efficiency": 0.008815639652311802,
  "stability": -7.3333330154418945
}