{
  "final_return_ma": 40.0,
  "strength": -8.0,
  "max_strength": 72.0,
  "final_strength": 32.0,
  "sample_efficiency": 2.2426854684454156e-06,
  "training_efficiency": 0.00045004990533925593,
  "stability": -1.2222223281860352
}