{
  "final_return_ma": 37.25,
  "strength": -10.75,
  "max_strength": 127.0,
  "final_strength": 2.0,
  "sample_efficiency": 6.078808382881107e-06,
  "training_efficiency": 0.001284083933569491,
  "stability": -0.6945217847824097
}