{
  "final_return_ma": 43.90243911743164,
  "strength": -4.097560882568359,
  "max_strength": 152.0,
  "final_strength": -48.0,
  "sample_efficiency": -4.374774107418489e-06,
  "training_efficiency": -0.0009271473973058164,
  "stability": -10.666666984558105
}