{
  "final_return_ma": 39.024391174316406,
  "strength": -8.97560977935791,
  "max_strength": 152.0,
  "final_strength": -48.0,
  "sample_efficiency": 2.8343297344690654e-06,
  "training_efficiency": 0.0005783240873521814,
  "stability": -5.2446582317352295,
  "consistency": 12.923538871433424
}