{
  "final_return_ma": 34.14634323120117,
  "strength": -13.853658676147461,
  "max_strength": 152.0,
  "final_strength": -48.0,
  "sample_efficiency": 1.34110496219364e-06,
  "training_efficiency": 0.0002698034222703427,
  "stability": -1.692307710647583
}