{
  "final_return_ma": 45.25,
  "strength": -2.75,
  "max_strength": 127.0,
  "final_strength": -23.0,
  "sample_efficiency": 2.222876537416596e-05,
  "training_efficiency": 0.004733710084110498,
  "stability": -6.638888835906982
}