{
  "final_return_ma": 53.65853500366211,
  "strength": 5.658536434173584,
  "max_strength": 352.0,
  "final_strength": -48.0,
  "sample_efficiency": -2.0664137991843745e-05,
  "training_efficiency": -0.0035694928374141455,
  "stability": -4.714285850524902
}