{
  "final_return_ma": 71.54471333821614,
  "strength": 23.54471556345622,
  "max_strength": 685.3333333333334,
  "final_strength": -48.0,
  "sample_efficiency": -1.3308139163707248e-05,
  "training_efficiency": -0.002301320482634613,
  "stability": -3.8233487208684287,
  "consistency": -7.535282007068528
}