{
  "final_return_ma": 107.31707000732422,
  "strength": 59.317073822021484,
  "max_strength": 1152.0,
  "final_strength": -48.0,
  "sample_efficiency": 2.637783502734692e-08,
  "training_efficiency": 8.650516178931866e-07,
  "stability": -0.6129032373428345
}