{
  "final_return_ma": 46.0,
  "strength": -2.0,
  "max_strength": 77.0,
  "final_strength": 52.0,
  "sample_efficiency": -3.61420534318313e-05,
  "training_efficiency": -0.0011664103949442506,
  "stability": -4.952381134033203
}