{
  "final_return_ma": 49.0,
  "strength": 1.0,
  "max_strength": 202.0,
  "final_strength": -23.0,
  "sample_efficiency": 4.3509578972589225e-05,
  "training_efficiency": 0.001402317313477397,
  "stability": -17.089431762695312
}