{
  "final_return_ma": 44.75,
  "strength": -3.25,
  "max_strength": 127.0,
  "final_strength": -48.0,
  "sample_efficiency": 1.542844438517932e-05,
  "training_efficiency": 0.0004958331701345742,
  "stability": -4.86642599105835
}