{
  "final_return_ma": 45.25,
  "strength": -2.75,
  "max_strength": 127.0,
  "final_strength": 52.0,
  "sample_efficiency": -1.5894975149421953e-05,
  "training_efficiency": -0.0005135853425599635,
  "stability": -4.045871734619141
}